{"stats":{"minecraft:dropped":{"minecraft:redstone":63,"minecraft:pink_carpet":1,"minecraft:shulker_box":39},"minecraft:custom":{"minecraft:trigger_trapped_chest":12,"minecraft:time_since_rest":77031,"minecraft:inspect_dropper":31,"minecraft:walk_one_cm":70923,"minecraft:leave_game":1,"minecraft:play_time":77031,"minecraft:open_shulker_box":44,"minecraft:jump":128,"minecraft:time_since_death":77031,"minecraft:drop":41,"minecraft:sprint_one_cm":84002,"minecraft:open_chest":20,"minecraft:fill_cauldron":6,"minecraft:inspect_dispenser":21,"minecraft:inspect_hopper":22,"minecraft:total_world_time":80758,"minecraft:fly_one_cm":63019,"minecraft:crouch_one_cm":11701,"minecraft:sneak_time":6024},"minecraft:used":{"minecraft:pink_carpet":11,"minecraft:stone_pressure_plate":11,"minecraft:smooth_stone":26,"minecraft:piston":18,"minecraft:repeater":18,"minecraft:redstone_block":2,"minecraft:observer":39,"minecraft:dispenser":12,"minecraft:white_stained_glass":86,"minecraft:shulker_box":1,"minecraft:cherry_sign":2,"minecraft:trapped_chest":8,"minecraft:hopper":65,"minecraft:comparator":16,"minecraft:water_bucket":6,"minecraft:sticky_piston":37,"minecraft:redstone_torch":8,"minecraft:note_block":5,"minecraft:chest":81,"minecraft:powered_rail":4,"minecraft:cauldron":7,"minecraft:white_bed":1,"minecraft:dropper":17,"minecraft:barrel":1},"minecraft:picked_up":{"minecraft:shulker_box":334}},"DataVersion":4438}